Wall time,Step,Value
1716322676.1873822,657,0.8556666374206543
1716322815.830568,1314,0.8521111011505127
1716322954.0701544,1971,0.8643333315849304
1716323093.3350024,2628,0.9054444432258606
1716323231.6058547,3285,0.9190000295639038
1716323369.845606,3942,0.9185555577278137
1716323508.0552104,4599,0.9284444451332092
1716323646.487985,5256,0.9085555672645569
1716323784.3532276,5913,0.9309999942779541
1716323923.2149014,6570,0.9316666722297668
1716324061.6198697,7227,0.9172222018241882
1716324199.9623287,7884,0.9426666498184204
1716324339.575382,8541,0.859333336353302
1716324477.8075113,9198,0.9121111035346985
1716324616.5553794,9855,0.9431111216545105
1716324756.4855382,10512,0.9448888897895813
1716324895.4801779,11169,0.9481111168861389
1716325034.40736,11826,0.9490000009536743
1716325172.9406888,12483,0.9478889107704163
1716325310.8244596,13140,0.9319999814033508
1716325449.3451817,13797,0.9374444484710693
1716325587.499796,14454,0.9203333258628845
1716325725.2554915,15111,0.9591110944747925
1716325863.4862397,15768,0.961555540561676
1716326002.3018198,16425,0.9634444713592529
1716326140.3283834,17082,0.9617778062820435
1716326278.753203,17739,0.9626666903495789
1716326418.0392578,18396,0.9646666646003723
1716326556.5583246,19053,0.961555540561676
1716326694.943108,19710,0.9617778062820435
1716326833.2694273,20367,0.9641110897064209
1716326971.187181,21024,0.9644444584846497
1716327109.2134156,21681,0.9649999737739563
1716327247.4637306,22338,0.9663333296775818
1716327385.8062482,22995,0.965666651725769
1716327524.0470092,23652,0.9636666774749756
1716327662.2795994,24309,0.9653333425521851
1716327800.4122827,24966,0.9662222266197205
1716327938.3255043,25623,0.9639999866485596
