Wall time,Step,Value
1716322676.1873822,657,0.9406965374946594
1716322815.830568,1314,0.9596588015556335
1716322954.0701544,1971,0.9632263779640198
1716323093.3350024,2628,0.9723808169364929
1716323231.6058547,3285,0.9780483245849609
1716323369.845606,3942,0.9769917130470276
1716323508.0552104,4599,0.9808880090713501
1716323646.487985,5256,0.980330765247345
1716323784.3532276,5913,0.9824720621109009
1716323923.2149014,6570,0.984434187412262
1716324061.619976,7227,0.9829325079917908
1716324199.9623287,7884,0.9857898354530334
1716324339.575382,8541,0.9840301275253296
1716324477.8075113,9198,0.9836322069168091
1716324616.5553794,9855,0.9873639941215515
1716324756.4855382,10512,0.9873021841049194
1716324895.4801779,11169,0.9885475039482117
1716325034.40736,11826,0.9899154305458069
1716325172.9406888,12483,0.9893041253089905
1716325310.8244596,13140,0.9873250126838684
1716325449.3451817,13797,0.98883056640625
1716325587.499796,14454,0.9903213381767273
1716325725.2554915,15111,0.992948591709137
1716325863.4862397,15768,0.9931880235671997
1716326002.3018198,16425,0.9933324456214905
1716326140.3283834,17082,0.9933831691741943
1716326278.753203,17739,0.9940149784088135
1716326418.0392578,18396,0.9938950538635254
1716326556.5583246,19053,0.9939571022987366
1716326694.943108,19710,0.9935644268989563
1716326833.2694273,20367,0.9935784935951233
1716326971.187181,21024,0.9941264390945435
1716327109.2134156,21681,0.9937492609024048
1716327247.4637306,22338,0.9941602945327759
1716327385.8062482,22995,0.9942874908447266
1716327524.0470092,23652,0.9941080808639526
1716327662.2806005,24309,0.9940625429153442
1716327800.4122827,24966,0.9941888451576233
1716327938.3255043,25623,0.9940080046653748
