Wall time,Step,Value
1716312587.976703,657,0.893666684627533
1716312692.1715448,1314,0.9094444513320923
1716312795.9864838,1971,0.9248889088630676
1716312900.7318099,2628,0.9225555658340454
1716313003.9238486,3285,0.9241111278533936
1716313108.1338046,3942,0.9315555691719055
1716313213.008257,4599,0.933555543422699
1716313319.708553,5256,0.9355555772781372
1716313426.7299576,5913,0.9397777915000916
1716313533.167266,6570,0.9457777738571167
1716313644.7315001,7227,0.9392222166061401
1716313750.9184432,7884,0.9340000152587891
1716313858.0376449,8541,0.9485555291175842
1716313967.0315144,9198,0.9362221956253052
1716314076.2609673,9855,0.9352222084999084
1716314183.693589,10512,0.9427777528762817
1716314291.359537,11169,0.9481111168861389
1716314398.6526725,11826,0.9544444680213928
1716314506.9751527,12483,0.9482222199440002
1716314616.4354928,13140,0.9513333439826965
1716314726.1744661,13797,0.9527778029441833
1716314835.5081398,14454,0.9553333520889282
1716314941.3511322,15111,0.9517777562141418
1716315059.8282373,15768,0.9644444584846497
1716315195.853328,16425,0.9647777676582336
1716315300.6523564,17082,0.9643333554267883
1716315405.6351612,17739,0.965666651725769
1716315519.028758,18396,0.9652222394943237
1716315622.3158748,19053,0.9647777676582336
1716315727.7339227,19710,0.9657777547836304
1716315834.8792245,20367,0.9617778062820435
1716315941.8603141,21024,0.9673333168029785
1716316048.0681052,21681,0.9652222394943237
1716316156.0160644,22338,0.9662222266197205
1716316262.8226502,22995,0.9682222008705139
1716316371.7445734,23652,0.9670000076293945
1716316477.1351798,24309,0.9657777547836304
1716316581.7113354,24966,0.9653333425521851
1716316687.0963638,25623,0.9668889045715332
1716316790.5243983,26280,0.9636666774749756
