Wall time,Step,Value
1716312587.976703,657,0.9677897691726685
1716312692.1715448,1314,0.9699739217758179
1716312795.9864838,1971,0.9793883562088013
1716312900.7328107,2628,0.9798739552497864
1716313003.9238486,3285,0.9813447594642639
1716313108.1338046,3942,0.9852588772773743
1716313213.008257,4599,0.9843770265579224
1716313319.708553,5256,0.986275315284729
1716313426.7299576,5913,0.9864478707313538
1716313533.1682675,6570,0.9883765578269958
1716313644.7315001,7227,0.9873042106628418
1716313750.9184432,7884,0.9863274693489075
1716313858.0376449,8541,0.9885085821151733
1716313967.0315144,9198,0.9838915467262268
1716314076.2609673,9855,0.9878457188606262
1716314183.693589,10512,0.9887881278991699
1716314291.359537,11169,0.9898071885108948
1716314398.6526725,11826,0.9919737577438354
1716314506.9751527,12483,0.9897646307945251
1716314616.4354928,13140,0.991132915019989
1716314726.1744661,13797,0.9911969900131226
1716314835.5081398,14454,0.9912554621696472
1716314941.3511322,15111,0.9921634793281555
1716315059.8282373,15768,0.9941912889480591
1716315195.853328,16425,0.9940295219421387
1716315300.6523564,17082,0.9940734505653381
1716315405.6351612,17739,0.9940773844718933
1716315519.028758,18396,0.9941482543945312
1716315622.3158748,19053,0.9939849376678467
1716315727.7339227,19710,0.9943258166313171
1716315834.8792245,20367,0.9943201541900635
1716315941.8603141,21024,0.994423508644104
1716316048.0681052,21681,0.994469165802002
1716316156.0160644,22338,0.9943538308143616
1716316262.8226502,22995,0.9945178031921387
1716316371.7445734,23652,0.9943202137947083
1716316477.1351798,24309,0.994388222694397
1716316581.7113354,24966,0.9944954514503479
1716316687.0963638,25623,0.9943844676017761
1716316790.5243983,26280,0.9942878484725952
