Wall time,Step,Value
1716219569.2902527,219,0.9473333358764648
1716219636.0703692,438,0.9589999914169312
1716219701.9761946,657,0.984000027179718
1716219772.5262787,876,0.9860000014305115
1716219845.4540129,1095,0.9833333492279053
1716219919.751922,1314,0.9853333234786987
1716219992.333704,1533,0.9866666793823242
1716220068.9986787,1752,0.9863333106040955
1716220143.7431648,1971,0.9906666874885559
1716220218.216652,2190,0.9903333187103271
1716220284.9838047,2409,0.9940000176429749
1716220351.6182485,2628,0.9936666488647461
1716220418.572427,2847,0.9890000224113464
1716220485.6907492,3066,0.9909999966621399
1716220553.1852794,3285,0.9936666488647461
1716220620.1150255,3504,0.9933333396911621
1716220688.1732974,3723,0.9950000047683716
1716220754.6964543,3942,0.9956666827201843
1716220822.1299407,4161,0.9963333606719971
1716220889.5085711,4380,0.9953333139419556
1716220956.745307,4599,0.9953333139419556
1716221023.8238773,4818,0.9953333139419556
1716221093.2564824,5037,0.9963333606719971
1716221157.7463195,5256,0.9959999918937683
1716221223.719953,5475,0.9956666827201843
1716221291.5761285,5694,0.9953333139419556
1716221358.38823,5913,0.9963333606719971
1716221429.6780522,6132,0.9963333606719971
