Wall time,Step,Value
1716223002.9077687,219,0.9930213689804077
1716223070.063401,438,0.9980980753898621
1716223137.8710694,657,0.9982576966285706
1716223205.87612,876,0.9993773102760315
1716223272.7399306,1095,0.999340295791626
1716223339.8902571,1314,0.9995428323745728
1716223407.8407187,1533,0.9993618726730347
1716223474.2310007,1752,0.9995454549789429
1716223541.0768526,1971,0.9996514916419983
1716223608.4559844,2190,0.9998363256454468
1716223676.3422642,2409,0.9998378157615662
1716223743.1892407,2628,0.9998080730438232
1716223809.8722432,2847,0.9998239874839783
1716223876.6177492,3066,0.9998364448547363
1716223943.894981,3285,0.9997707605361938
1716224009.5678737,3504,0.9997990131378174
1716224075.736122,3723,0.9997849464416504
1716224141.9846394,3942,0.9997947216033936
1716224209.6755395,4161,0.9997937083244324
1716224276.9993505,4380,0.9997956156730652
1716224344.2154799,4599,0.9998396039009094
