Wall time,Step,Value
1716375517.012727,657,0.6903333067893982
1716375618.566305,1314,0.698888897895813
1716375720.4995205,1971,0.7557777762413025
1716375822.749995,2628,0.7828888893127441
1716375924.8448186,3285,0.7427777647972107
1716376026.6330228,3942,0.8117777705192566
1716376128.7322898,4599,0.8218888640403748
1716376230.828885,5256,0.8084444403648376
1716376332.5967467,5913,0.7825555801391602
1716376434.6133573,6570,0.8376666903495789
1716376536.6852925,7227,0.8508889079093933
1716376638.9505715,7884,0.8506666421890259
1716376741.2836463,8541,0.8534444570541382
1716376843.4101684,9198,0.8585555553436279
1716376945.3324032,9855,0.8592222332954407
1716377047.4212885,10512,0.7991111278533936
1716377149.5211565,11169,0.8525555729866028
1716377251.4393718,11826,0.8441110849380493
1716377353.4035432,12483,0.8087777495384216
1716377455.570325,13140,0.8904444575309753
1716377558.0394323,13797,0.8907777667045593
1716377660.142338,14454,0.8926666378974915
1716377762.207295,15111,0.8905555605888367
1716377864.1537137,15768,0.8887777924537659
1716377966.3274379,16425,0.8926666378974915
1716378068.3368487,17082,0.8945555686950684
1716378170.2837787,17739,0.894444465637207
1716378272.467425,18396,0.8965555429458618
1716378374.2903473,19053,0.8982222080230713
1716378476.0655568,19710,0.898888885974884
1716378578.2986927,20367,0.8974444270133972
1716378680.3338878,21024,0.8945555686950684
1716378782.3758392,21681,0.8941110968589783
1716378885.1953824,22338,0.8945555686950684
1716378987.0123825,22995,0.8961111307144165
