Wall time,Step,Value
1713801225.5997288,219,0.9715510606765747
1713801300.4220796,438,0.9884184002876282
1713801374.475153,657,0.9914687871932983
1713801449.8509614,876,0.9938285946846008
1713801524.554696,1095,0.9980416297912598
1713801599.843652,1314,0.9992220401763916
1713801674.4274304,1533,0.9989522695541382
1713801749.7559583,1752,0.9972516298294067
1713801825.3605492,1971,0.9983312487602234
1713801902.2881508,2190,0.99880051612854
1713801977.5926657,2409,0.998699426651001
1713802051.9070387,2628,0.9993921518325806
1713802127.0862684,2847,0.9995599985122681
1713802203.3391883,3066,0.9994427561759949
1713802279.4012558,3285,0.9994875192642212
1713802355.4751909,3504,0.9995766878128052
1713802431.0890057,3723,0.9995259642601013
1713802505.506059,3942,0.9995237588882446
1713802581.5834117,4161,0.9996287226676941
1713802656.7493284,4380,0.9995391964912415
1713802731.4631953,4599,0.9995971918106079
1713802805.111353,4818,0.9995825886726379
1713802879.4607885,5037,0.9995611906051636
1713802956.0682113,5256,0.9995247721672058
